<?xml version="1.0" encoding="UTF-8"?>
<rdf:RDF xmlns:rdf="http://www.w3.org/1999/02/22-rdf-syntax-ns#" xmlns:dcterms="http://purl.org/dc/terms/" xmlns:prov="http://www.w3.org/ns/prov#" xmlns:sbol="http://sbols.org/v2#" xmlns:xsd="http://www.w3.org/2001/XMLSchema#dateTime/" xmlns:synbiohub="http://synbiohub.org#" xmlns:sbh="http://wiki.synbiohub.org/wiki/Terms/synbiohub#" xmlns:sybio="http://www.sybio.ncl.ac.uk#" xmlns:rdfs="http://www.w3.org/2000/01/rdf-schema#" xmlns:ncbi="http://www.ncbi.nlm.nih.gov#" xmlns:igem="http://wiki.synbiohub.org/wiki/Terms/igem#" xmlns:genbank="http://www.ncbi.nlm.nih.gov/genbank#" xmlns:gbconv="http://sbols.org/genBankConversion#" xmlns:dc="http://purl.org/dc/elements/1.1/" xmlns:obo="http://purl.obolibrary.org/obo/">
  <sbol:ComponentDefinition rdf:about="https://synbiohub.org/public/igem/BBa_K608002">
    <sbol:persistentIdentity rdf:resource="https://synbiohub.org/public/igem/BBa_K608002"/>
    <sbol:displayId>BBa_K608002</sbol:displayId>
    <sbol:version>1</sbol:version>
    <prov:wasDerivedFrom rdf:resource="http://parts.igem.org/Part:BBa_K608002"/>
    <prov:wasGeneratedBy rdf:resource="https://synbiohub.org/public/igem/igem2sbol"/>
    <dcterms:title>BBa_K608002</dcterms:title>
    <dcterms:description>strong Promoter and strong RBS</dcterms:description>
    <dcterms:created>2011-09-14T11:00:00Z</dcterms:created>
    <dcterms:modified>2015-05-08T01:12:52Z</dcterms:modified>
    <sbh:mutableProvenance>assembly from iGEM parts</sbh:mutableProvenance>
    <sbh:topLevel rdf:resource="https://synbiohub.org/public/igem/BBa_K608002"/>
    <sbh:ownedBy rdf:resource="https://synbiohub.org/user/myers"/>
    <sbh:ownedBy rdf:resource="https://synbiohub.org/user/james"/>
    <igem:partStatus>Released HQ 2013</igem:partStatus>
    <sbh:mutableDescription>you can insert your part behind this part so it will be immediatly expressed in e.coli.</sbh:mutableDescription>
    <igem:discontinued>false</igem:discontinued>
    <igem:dominant>false</igem:dominant>
    <igem:experience rdf:resource="http://wiki.synbiohub.org/wiki/Terms/igem#experience/None"/>
    <igem:group_u_list>_780_</igem:group_u_list>
    <igem:m_user_id>0</igem:m_user_id>
    <igem:owner_id>9115</igem:owner_id>
    <igem:owning_group_id>9</igem:owning_group_id>
    <igem:sampleStatus>In stock</igem:sampleStatus>
    <igem:status rdf:resource="http://wiki.synbiohub.org/wiki/Terms/igem#status/Available"/>
    <sbh:bookmark>false</sbh:bookmark>
    <sbh:mutableNotes>cloning via 3a-assembly</sbh:mutableNotes>
    <sbh:star>false</sbh:star>
    <dc:creator>Julia M??ller</dc:creator>
    <sbol:type rdf:resource="http://www.biopax.org/release/biopax-level3.owl#DnaRegion"/>
    <sbol:role rdf:resource="http://wiki.synbiohub.org/wiki/Terms/igem#partType/Intermediate"/>
    <sbol:role rdf:resource="http://identifiers.org/so/SO:0000804"/>
    <sbol:component>
      <sbol:Component rdf:about="https://synbiohub.org/public/igem/BBa_K608002/component2128648">
        <sbol:persistentIdentity rdf:resource="https://synbiohub.org/public/igem/BBa_K608002/component2128648"/>
        <sbol:displayId>component2128648</sbol:displayId>
        <sbol:version>1</sbol:version>
        <dcterms:title>BBa_B0034</dcterms:title>
        <sbh:topLevel rdf:resource="https://synbiohub.org/public/igem/BBa_K608002"/>
        <sbol:definition rdf:resource="https://synbiohub.org/public/igem/BBa_B0034"/>
        <sbol:access rdf:resource="http://sbols.org/v2#public"/>
      </sbol:Component>
    </sbol:component>
    <sbol:component>
      <sbol:Component rdf:about="https://synbiohub.org/public/igem/BBa_K608002/component2128646">
        <sbol:persistentIdentity rdf:resource="https://synbiohub.org/public/igem/BBa_K608002/component2128646"/>
        <sbol:displayId>component2128646</sbol:displayId>
        <sbol:version>1</sbol:version>
        <dcterms:title>BBa_J23104</dcterms:title>
        <sbh:topLevel rdf:resource="https://synbiohub.org/public/igem/BBa_K608002"/>
        <sbol:definition rdf:resource="https://synbiohub.org/public/igem/BBa_J23104"/>
        <sbol:access rdf:resource="http://sbols.org/v2#public"/>
      </sbol:Component>
    </sbol:component>
    <sbol:sequenceAnnotation>
      <sbol:SequenceAnnotation rdf:about="https://synbiohub.org/public/igem/BBa_K608002/annotation2128646">
        <sbol:persistentIdentity rdf:resource="https://synbiohub.org/public/igem/BBa_K608002/annotation2128646"/>
        <sbol:displayId>annotation2128646</sbol:displayId>
        <sbol:version>1</sbol:version>
        <dcterms:title>BBa_J23104</dcterms:title>
        <sbh:topLevel rdf:resource="https://synbiohub.org/public/igem/BBa_K608002"/>
        <sbol:location>
          <sbol:Range rdf:about="https://synbiohub.org/public/igem/BBa_K608002/annotation2128646/range2128646">
            <sbol:persistentIdentity rdf:resource="https://synbiohub.org/public/igem/BBa_K608002/annotation2128646/range2128646"/>
            <sbol:displayId>range2128646</sbol:displayId>
            <sbol:version>1</sbol:version>
            <sbh:topLevel rdf:resource="https://synbiohub.org/public/igem/BBa_K608002"/>
            <igem:direction rdf:resource="http://wiki.synbiohub.org/wiki/Terms/igem#direction/reverse"/>
            <sbol:start>1</sbol:start>
            <sbol:end>35</sbol:end>
            <sbol:orientation rdf:resource="http://sbols.org/v2#inline"/>
          </sbol:Range>
        </sbol:location>
        <sbol:component rdf:resource="https://synbiohub.org/public/igem/BBa_K608002/component2128646"/>
      </sbol:SequenceAnnotation>
    </sbol:sequenceAnnotation>
    <sbol:sequenceAnnotation>
      <sbol:SequenceAnnotation rdf:about="https://synbiohub.org/public/igem/BBa_K608002/annotation2128648">
        <sbol:persistentIdentity rdf:resource="https://synbiohub.org/public/igem/BBa_K608002/annotation2128648"/>
        <sbol:displayId>annotation2128648</sbol:displayId>
        <sbol:version>1</sbol:version>
        <dcterms:title>BBa_B0034</dcterms:title>
        <sbh:topLevel rdf:resource="https://synbiohub.org/public/igem/BBa_K608002"/>
        <sbol:location>
          <sbol:Range rdf:about="https://synbiohub.org/public/igem/BBa_K608002/annotation2128648/range2128648">
            <sbol:persistentIdentity rdf:resource="https://synbiohub.org/public/igem/BBa_K608002/annotation2128648/range2128648"/>
            <sbol:displayId>range2128648</sbol:displayId>
            <sbol:version>1</sbol:version>
            <sbh:topLevel rdf:resource="https://synbiohub.org/public/igem/BBa_K608002"/>
            <igem:direction rdf:resource="http://wiki.synbiohub.org/wiki/Terms/igem#direction/reverse"/>
            <sbol:start>44</sbol:start>
            <sbol:end>55</sbol:end>
            <sbol:orientation rdf:resource="http://sbols.org/v2#inline"/>
          </sbol:Range>
        </sbol:location>
        <sbol:component rdf:resource="https://synbiohub.org/public/igem/BBa_K608002/component2128648"/>
      </sbol:SequenceAnnotation>
    </sbol:sequenceAnnotation>
    <sbol:sequence rdf:resource="https://synbiohub.org/public/igem/BBa_K608002_sequence"/>
  </sbol:ComponentDefinition>
  <sbol:ComponentDefinition rdf:about="https://synbiohub.org/public/igem/BBa_B0034">
    <sbol:persistentIdentity rdf:resource="https://synbiohub.org/public/igem/BBa_B0034"/>
    <sbol:displayId>BBa_B0034</sbol:displayId>
    <sbol:version>1</sbol:version>
    <prov:wasDerivedFrom rdf:resource="http://parts.igem.org/Part:BBa_B0034"/>
    <prov:wasGeneratedBy rdf:resource="https://synbiohub.org/public/igem/igem2sbol"/>
    <dcterms:title>BBa_B0034</dcterms:title>
    <dcterms:description>RBS (Elowitz 1999) -- defines RBS efficiency</dcterms:description>
    <dcterms:created>2003-01-31T12:00:00Z</dcterms:created>
    <dcterms:modified>2015-08-31T04:07:20Z</dcterms:modified>
    <sbh:topLevel rdf:resource="https://synbiohub.org/public/igem/BBa_B0034"/>
    <sbh:ownedBy rdf:resource="https://synbiohub.org/user/james"/>
    <sbh:ownedBy rdf:resource="https://synbiohub.org/user/myers"/>
    <igem:partStatus>Released HQ 2013</igem:partStatus>
    <sbh:mutableDescription>RBS based on Elowitz repressilator.</sbh:mutableDescription>
    <igem:discontinued>false</igem:discontinued>
    <igem:dominant>true</igem:dominant>
    <igem:experience rdf:resource="http://wiki.synbiohub.org/wiki/Terms/igem#experience/Works"/>
    <igem:group_u_list>_1_</igem:group_u_list>
    <igem:m_user_id>0</igem:m_user_id>
    <igem:owner_id>24</igem:owner_id>
    <igem:owning_group_id>7</igem:owning_group_id>
    <igem:sampleStatus>In stock</igem:sampleStatus>
    <igem:status rdf:resource="http://wiki.synbiohub.org/wiki/Terms/igem#status/Available"/>
    <sbh:bookmark>false</sbh:bookmark>
    <sbh:mutableNotes>Varies from -6 to +1 region from original sequence to accomodate BioBricks      suffix.   &lt;p&gt;No secondary structures are formed in the given RBS region. Users should check      for secondary structures induced in the RBS by upstream and downstream elements      in the +50 to -50 region, as such structures will greatly affect the strength      of the RBS.

Contact info for this part: &lt;a href=&quot;mailto:(bchow@media.mit.edu)&quot;&gt;Brian Chow&lt;/a&gt;</sbh:mutableNotes>
    <sbh:star>true</sbh:star>
    <dc:creator>Vinay S Mahajan, Voichita D. Marinescu, Brian Chow, Alexander      D Wissner-Gross and Peter Carr IAP, 2003.</dc:creator>
    <sbol:type rdf:resource="http://www.biopax.org/release/biopax-level3.owl#DnaRegion"/>
    <sbol:role rdf:resource="http://identifiers.org/so/SO:0000139"/>
    <sbol:role rdf:resource="http://wiki.synbiohub.org/wiki/Terms/igem#partType/RBS"/>
    <sbol:sequenceAnnotation>
      <sbol:SequenceAnnotation rdf:about="https://synbiohub.org/public/igem/BBa_B0034/annotation23325">
        <sbol:persistentIdentity rdf:resource="https://synbiohub.org/public/igem/BBa_B0034/annotation23325"/>
        <sbol:displayId>annotation23325</sbol:displayId>
        <sbol:version>1</sbol:version>
        <dcterms:title>conserved</dcterms:title>
        <sbh:topLevel rdf:resource="https://synbiohub.org/public/igem/BBa_B0034"/>
        <sbol:location>
          <sbol:Range rdf:about="https://synbiohub.org/public/igem/BBa_B0034/annotation23325/range23325">
            <sbol:persistentIdentity rdf:resource="https://synbiohub.org/public/igem/BBa_B0034/annotation23325/range23325"/>
            <sbol:displayId>range23325</sbol:displayId>
            <sbol:version>1</sbol:version>
            <sbh:topLevel rdf:resource="https://synbiohub.org/public/igem/BBa_B0034"/>
            <igem:direction rdf:resource="http://wiki.synbiohub.org/wiki/Terms/igem#direction/forward"/>
            <sbol:start>5</sbol:start>
            <sbol:end>8</sbol:end>
            <sbol:orientation rdf:resource="http://sbols.org/v2#inline"/>
          </sbol:Range>
        </sbol:location>
        <sbol:role rdf:resource="http://wiki.synbiohub.org/wiki/Terms/igem#feature/conserved"/>
        <sbol:role rdf:resource="http://identifiers.org/so/SO:0000330"/>
      </sbol:SequenceAnnotation>
    </sbol:sequenceAnnotation>
    <sbol:sequence rdf:resource="https://synbiohub.org/public/igem/BBa_B0034_sequence"/>
  </sbol:ComponentDefinition>
  <sbol:ComponentDefinition rdf:about="https://synbiohub.org/public/igem/BBa_J23104">
    <sbol:persistentIdentity rdf:resource="https://synbiohub.org/public/igem/BBa_J23104"/>
    <sbol:displayId>BBa_J23104</sbol:displayId>
    <sbol:version>1</sbol:version>
    <prov:wasDerivedFrom rdf:resource="http://parts.igem.org/Part:BBa_J23104"/>
    <prov:wasGeneratedBy rdf:resource="https://synbiohub.org/public/igem/igem2sbol"/>
    <dcterms:title>BBa_J23104</dcterms:title>
    <dcterms:description>constitutive promoter family member</dcterms:description>
    <dcterms:created>2006-08-03T11:00:00Z</dcterms:created>
    <dcterms:modified>2015-08-31T04:08:40Z</dcterms:modified>
    <sbh:mutableProvenance>isolated from library of promoters</sbh:mutableProvenance>
    <sbh:topLevel rdf:resource="https://synbiohub.org/public/igem/BBa_J23104"/>
    <sbh:ownedBy rdf:resource="https://synbiohub.org/user/james"/>
    <sbh:ownedBy rdf:resource="https://synbiohub.org/user/myers"/>
    <sbh:mutableDescription>replace later</sbh:mutableDescription>
    <igem:discontinued>false</igem:discontinued>
    <igem:dominant>false</igem:dominant>
    <igem:experience rdf:resource="http://wiki.synbiohub.org/wiki/Terms/igem#experience/Works"/>
    <igem:group_u_list>_52_</igem:group_u_list>
    <igem:m_user_id>0</igem:m_user_id>
    <igem:owner_id>483</igem:owner_id>
    <igem:owning_group_id>95</igem:owning_group_id>
    <igem:sampleStatus>In stock</igem:sampleStatus>
    <igem:status rdf:resource="http://wiki.synbiohub.org/wiki/Terms/igem#status/Available"/>
    <sbh:bookmark>true</sbh:bookmark>
    <sbh:mutableNotes>N/A</sbh:mutableNotes>
    <sbh:star>true</sbh:star>
    <dc:creator>John Anderson</dc:creator>
    <sbol:type rdf:resource="http://www.biopax.org/release/biopax-level3.owl#DnaRegion"/>
    <sbol:role rdf:resource="http://wiki.synbiohub.org/wiki/Terms/igem#partType/Regulatory"/>
    <sbol:role rdf:resource="http://identifiers.org/so/SO:0000167"/>
    <sbol:sequence rdf:resource="https://synbiohub.org/public/igem/BBa_J23104_sequence"/>
  </sbol:ComponentDefinition>
  <sbol:Sequence rdf:about="https://synbiohub.org/public/igem/BBa_K608002_sequence">
    <sbol:persistentIdentity rdf:resource="https://synbiohub.org/public/igem/BBa_K608002_sequence"/>
    <sbol:displayId>BBa_K608002_sequence</sbol:displayId>
    <sbol:version>1</sbol:version>
    <prov:wasDerivedFrom rdf:resource="http://parts.igem.org/Part:BBa_K608002"/>
    <prov:wasGeneratedBy rdf:resource="https://synbiohub.org/public/igem/igem2sbol"/>
    <sbh:topLevel rdf:resource="https://synbiohub.org/public/igem/BBa_K608002_sequence"/>
    <sbh:ownedBy rdf:resource="https://synbiohub.org/user/james"/>
    <sbh:ownedBy rdf:resource="https://synbiohub.org/user/myers"/>
    <sbol:elements>ttgacagctagctcagtcctaggtattgtgctagctactagagaaagaggagaaa</sbol:elements>
    <sbol:encoding rdf:resource="http://www.chem.qmul.ac.uk/iubmb/misc/naseq.html"/>
  </sbol:Sequence>
  <sbol:Sequence rdf:about="https://synbiohub.org/public/igem/BBa_B0034_sequence">
    <sbol:persistentIdentity rdf:resource="https://synbiohub.org/public/igem/BBa_B0034_sequence"/>
    <sbol:displayId>BBa_B0034_sequence</sbol:displayId>
    <sbol:version>1</sbol:version>
    <prov:wasDerivedFrom rdf:resource="http://parts.igem.org/Part:BBa_B0034"/>
    <prov:wasGeneratedBy rdf:resource="https://synbiohub.org/public/igem/igem2sbol"/>
    <sbh:topLevel rdf:resource="https://synbiohub.org/public/igem/BBa_B0034_sequence"/>
    <sbh:ownedBy rdf:resource="https://synbiohub.org/user/james"/>
    <sbh:ownedBy rdf:resource="https://synbiohub.org/user/myers"/>
    <sbol:elements>aaagaggagaaa</sbol:elements>
    <sbol:encoding rdf:resource="http://www.chem.qmul.ac.uk/iubmb/misc/naseq.html"/>
  </sbol:Sequence>
  <sbol:Sequence rdf:about="https://synbiohub.org/public/igem/BBa_J23104_sequence">
    <sbol:persistentIdentity rdf:resource="https://synbiohub.org/public/igem/BBa_J23104_sequence"/>
    <sbol:displayId>BBa_J23104_sequence</sbol:displayId>
    <sbol:version>1</sbol:version>
    <prov:wasDerivedFrom rdf:resource="http://parts.igem.org/Part:BBa_J23104"/>
    <prov:wasGeneratedBy rdf:resource="https://synbiohub.org/public/igem/igem2sbol"/>
    <sbh:topLevel rdf:resource="https://synbiohub.org/public/igem/BBa_J23104_sequence"/>
    <sbh:ownedBy rdf:resource="https://synbiohub.org/user/james"/>
    <sbh:ownedBy rdf:resource="https://synbiohub.org/user/myers"/>
    <sbol:elements>ttgacagctagctcagtcctaggtattgtgctagc</sbol:elements>
    <sbol:encoding rdf:resource="http://www.chem.qmul.ac.uk/iubmb/misc/naseq.html"/>
  </sbol:Sequence>
  <prov:Activity rdf:about="https://synbiohub.org/public/igem/igem2sbol">
    <sbol:persistentIdentity rdf:resource="https://synbiohub.org/public/igem/igem2sbol"/>
    <sbol:displayId>igem2sbol</sbol:displayId>
    <sbol:version>1</sbol:version>
    <dcterms:title>iGEM to SBOL conversion</dcterms:title>
    <dcterms:description>Conversion of the iGEM parts registry to SBOL2.1</dcterms:description>
    <sbh:topLevel rdf:resource="https://synbiohub.org/public/igem/igem2sbol"/>
    <sbh:ownedBy rdf:resource="https://synbiohub.org/user/james"/>
    <sbh:ownedBy rdf:resource="https://synbiohub.org/user/myers"/>
    <dc:creator>Chris J. Myers</dc:creator>
    <dc:creator>James Alastair McLaughlin</dc:creator>
    <prov:endedAtTime rdf:datatype="http://www.w3.org/2001/XMLSchema#dateTime">2017-03-06T15:00:00.000Z</prov:endedAtTime>
  </prov:Activity>
</rdf:RDF>