<?xml version="1.0" encoding="UTF-8"?>
<rdf:RDF xmlns:rdf="http://www.w3.org/1999/02/22-rdf-syntax-ns#" xmlns:dcterms="http://purl.org/dc/terms/" xmlns:prov="http://www.w3.org/ns/prov#" xmlns:sbol="http://sbols.org/v2#" xmlns:xsd="http://www.w3.org/2001/XMLSchema#dateTime/" xmlns:synbiohub="http://synbiohub.org#" xmlns:sbh="http://wiki.synbiohub.org/wiki/Terms/synbiohub#" xmlns:sybio="http://www.sybio.ncl.ac.uk#" xmlns:rdfs="http://www.w3.org/2000/01/rdf-schema#" xmlns:ncbi="http://www.ncbi.nlm.nih.gov#" xmlns:igem="http://wiki.synbiohub.org/wiki/Terms/igem#" xmlns:genbank="http://www.ncbi.nlm.nih.gov/genbank#" xmlns:gbconv="http://sbols.org/genBankConversion#" xmlns:dc="http://purl.org/dc/elements/1.1/" xmlns:obo="http://purl.obolibrary.org/obo/">
  <sbol:ComponentDefinition rdf:about="https://synbiohub.org/public/igem/BBa_K823007">
    <sbol:persistentIdentity rdf:resource="https://synbiohub.org/public/igem/BBa_K823007"/>
    <sbol:displayId>BBa_K823007</sbol:displayId>
    <sbol:version>1</sbol:version>
    <prov:wasDerivedFrom rdf:resource="http://parts.igem.org/Part:BBa_K823007"/>
    <prov:wasGeneratedBy rdf:resource="https://synbiohub.org/public/igem/igem2sbol"/>
    <dcterms:title>BBa_K823007</dcterms:title>
    <dcterms:description>Anderson promoter J23103</dcterms:description>
    <dcterms:created>2012-09-07T11:00:00Z</dcterms:created>
    <dcterms:modified>2015-07-07T11:46:24Z</dcterms:modified>
    <sbh:mutableProvenance>Partsregistry</sbh:mutableProvenance>
    <sbh:topLevel rdf:resource="https://synbiohub.org/public/igem/BBa_K823007"/>
    <sbh:ownedBy rdf:resource="https://synbiohub.org/user/james"/>
    <sbh:ownedBy rdf:resource="https://synbiohub.org/user/myers"/>
    <igem:partStatus>Released HQ 2013</igem:partStatus>
    <sbh:mutableDescription>Anderson promoter J23103 without RFP in backbone vector pSB1C3 to easily fuse the promoter with other reporters e.g. the lux operon.</sbh:mutableDescription>
    <igem:discontinued>false</igem:discontinued>
    <igem:dominant>false</igem:dominant>
    <igem:experience rdf:resource="http://wiki.synbiohub.org/wiki/Terms/igem#experience/Works"/>
    <igem:group_u_list>_1081_</igem:group_u_list>
    <igem:m_user_id>4206</igem:m_user_id>
    <igem:owner_id>12081</igem:owner_id>
    <igem:owning_group_id>9</igem:owning_group_id>
    <igem:sampleStatus>In stock</igem:sampleStatus>
    <igem:status rdf:resource="http://wiki.synbiohub.org/wiki/Terms/igem#status/Available"/>
    <sbh:bookmark>false</sbh:bookmark>
    <sbh:mutableNotes>no considerations</sbh:mutableNotes>
    <sbh:star>false</sbh:star>
    <dc:creator>Korinna Kraft</dc:creator>
    <sbol:type rdf:resource="http://www.biopax.org/release/biopax-level3.owl#DnaRegion"/>
    <sbol:role rdf:resource="http://wiki.synbiohub.org/wiki/Terms/igem#partType/Regulatory"/>
    <sbol:role rdf:resource="http://identifiers.org/so/SO:0000167"/>
    <sbol:sequenceAnnotation>
      <sbol:SequenceAnnotation rdf:about="https://synbiohub.org/public/igem/BBa_K823007/annotation2182515">
        <sbol:persistentIdentity rdf:resource="https://synbiohub.org/public/igem/BBa_K823007/annotation2182515"/>
        <sbol:displayId>annotation2182515</sbol:displayId>
        <sbol:version>1</sbol:version>
        <dcterms:title>J23103</dcterms:title>
        <sbh:topLevel rdf:resource="https://synbiohub.org/public/igem/BBa_K823007"/>
        <sbol:location>
          <sbol:Range rdf:about="https://synbiohub.org/public/igem/BBa_K823007/annotation2182515/range2182515">
            <sbol:persistentIdentity rdf:resource="https://synbiohub.org/public/igem/BBa_K823007/annotation2182515/range2182515"/>
            <sbol:displayId>range2182515</sbol:displayId>
            <sbol:version>1</sbol:version>
            <sbh:topLevel rdf:resource="https://synbiohub.org/public/igem/BBa_K823007"/>
            <igem:direction rdf:resource="http://wiki.synbiohub.org/wiki/Terms/igem#direction/forward"/>
            <sbol:start>1</sbol:start>
            <sbol:end>35</sbol:end>
            <sbol:orientation rdf:resource="http://sbols.org/v2#inline"/>
          </sbol:Range>
        </sbol:location>
        <sbol:role rdf:resource="http://wiki.synbiohub.org/wiki/Terms/igem#feature/promoter"/>
        <sbol:role rdf:resource="http://identifiers.org/so/SO:0000167"/>
      </sbol:SequenceAnnotation>
    </sbol:sequenceAnnotation>
    <sbol:sequenceAnnotation>
      <sbol:SequenceAnnotation rdf:about="https://synbiohub.org/public/igem/BBa_K823007/annotation2182516">
        <sbol:persistentIdentity rdf:resource="https://synbiohub.org/public/igem/BBa_K823007/annotation2182516"/>
        <sbol:displayId>annotation2182516</sbol:displayId>
        <sbol:version>1</sbol:version>
        <dcterms:title>-35 box</dcterms:title>
        <sbh:topLevel rdf:resource="https://synbiohub.org/public/igem/BBa_K823007"/>
        <sbol:location>
          <sbol:Range rdf:about="https://synbiohub.org/public/igem/BBa_K823007/annotation2182516/range2182516">
            <sbol:persistentIdentity rdf:resource="https://synbiohub.org/public/igem/BBa_K823007/annotation2182516/range2182516"/>
            <sbol:displayId>range2182516</sbol:displayId>
            <sbol:version>1</sbol:version>
            <sbh:topLevel rdf:resource="https://synbiohub.org/public/igem/BBa_K823007"/>
            <igem:direction rdf:resource="http://wiki.synbiohub.org/wiki/Terms/igem#direction/forward"/>
            <sbol:start>1</sbol:start>
            <sbol:end>6</sbol:end>
            <sbol:orientation rdf:resource="http://sbols.org/v2#inline"/>
          </sbol:Range>
        </sbol:location>
        <sbol:role rdf:resource="http://wiki.synbiohub.org/wiki/Terms/igem#feature/binding"/>
        <sbol:role rdf:resource="http://identifiers.org/so/SO:0001091"/>
      </sbol:SequenceAnnotation>
    </sbol:sequenceAnnotation>
    <sbol:sequenceAnnotation>
      <sbol:SequenceAnnotation rdf:about="https://synbiohub.org/public/igem/BBa_K823007/annotation2182517">
        <sbol:persistentIdentity rdf:resource="https://synbiohub.org/public/igem/BBa_K823007/annotation2182517"/>
        <sbol:displayId>annotation2182517</sbol:displayId>
        <sbol:version>1</sbol:version>
        <dcterms:title>-10 box</dcterms:title>
        <sbh:topLevel rdf:resource="https://synbiohub.org/public/igem/BBa_K823007"/>
        <sbol:location>
          <sbol:Range rdf:about="https://synbiohub.org/public/igem/BBa_K823007/annotation2182517/range2182517">
            <sbol:persistentIdentity rdf:resource="https://synbiohub.org/public/igem/BBa_K823007/annotation2182517/range2182517"/>
            <sbol:displayId>range2182517</sbol:displayId>
            <sbol:version>1</sbol:version>
            <sbh:topLevel rdf:resource="https://synbiohub.org/public/igem/BBa_K823007"/>
            <igem:direction rdf:resource="http://wiki.synbiohub.org/wiki/Terms/igem#direction/forward"/>
            <sbol:start>24</sbol:start>
            <sbol:end>29</sbol:end>
            <sbol:orientation rdf:resource="http://sbols.org/v2#inline"/>
          </sbol:Range>
        </sbol:location>
        <sbol:role rdf:resource="http://identifiers.org/so/SO:0001091"/>
        <sbol:role rdf:resource="http://wiki.synbiohub.org/wiki/Terms/igem#feature/binding"/>
      </sbol:SequenceAnnotation>
    </sbol:sequenceAnnotation>
    <sbol:sequence rdf:resource="https://synbiohub.org/public/igem/BBa_K823007_sequence"/>
  </sbol:ComponentDefinition>
  <sbol:Sequence rdf:about="https://synbiohub.org/public/igem/BBa_K823007_sequence">
    <sbol:persistentIdentity rdf:resource="https://synbiohub.org/public/igem/BBa_K823007_sequence"/>
    <sbol:displayId>BBa_K823007_sequence</sbol:displayId>
    <sbol:version>1</sbol:version>
    <prov:wasDerivedFrom rdf:resource="http://parts.igem.org/Part:BBa_K823007"/>
    <prov:wasGeneratedBy rdf:resource="https://synbiohub.org/public/igem/igem2sbol"/>
    <sbh:topLevel rdf:resource="https://synbiohub.org/public/igem/BBa_K823007_sequence"/>
    <sbh:ownedBy rdf:resource="https://synbiohub.org/user/james"/>
    <sbh:ownedBy rdf:resource="https://synbiohub.org/user/myers"/>
    <sbol:elements>ctgatagctagctcagtcctagggattatgctagc</sbol:elements>
    <sbol:encoding rdf:resource="http://www.chem.qmul.ac.uk/iubmb/misc/naseq.html"/>
  </sbol:Sequence>
  <prov:Activity rdf:about="https://synbiohub.org/public/igem/igem2sbol">
    <sbol:persistentIdentity rdf:resource="https://synbiohub.org/public/igem/igem2sbol"/>
    <sbol:displayId>igem2sbol</sbol:displayId>
    <sbol:version>1</sbol:version>
    <dcterms:title>iGEM to SBOL conversion</dcterms:title>
    <dcterms:description>Conversion of the iGEM parts registry to SBOL2.1</dcterms:description>
    <sbh:topLevel rdf:resource="https://synbiohub.org/public/igem/igem2sbol"/>
    <sbh:ownedBy rdf:resource="https://synbiohub.org/user/james"/>
    <sbh:ownedBy rdf:resource="https://synbiohub.org/user/myers"/>
    <dc:creator>Chris J. Myers</dc:creator>
    <dc:creator>James Alastair McLaughlin</dc:creator>
    <prov:endedAtTime rdf:datatype="http://www.w3.org/2001/XMLSchema#dateTime">2017-03-06T15:00:00.000Z</prov:endedAtTime>
  </prov:Activity>
</rdf:RDF>