<?xml version='1.0' encoding='UTF-8'?>
<rdf:RDF xmlns:rdf="http://www.w3.org/1999/02/22-rdf-syntax-ns#" xmlns:sbh="http://wiki.synbiohub.org/wiki/Terms/synbiohub#" xmlns:sbol="http://sbols.org/v2#" xmlns:dcterms="http://purl.org/dc/terms/" xmlns:ns0="http://wiki.synbiohub.org/wiki/Terms/igem#" xmlns:prov="http://www.w3.org/ns/prov#" xmlns:ns1="http://www.w3.org/2000/01/rdf-schema#" xmlns:dc="http://purl.org/dc/elements/1.1/">
  <sbol:Collection rdf:about="https://synbiohub.org/public/igem/chassis_prokaryote_bsubtilis">
    <sbol:persistentIdentity rdf:resource="https://synbiohub.org/public/igem/chassis_prokaryote_bsubtilis"/>
    <sbol:displayId>chassis_prokaryote_bsubtilis</sbol:displayId>
    <sbol:version>1</sbol:version>
    <prov:wasDerivedFrom rdf:resource="http://parts.igem.org/"/>
    <prov:wasGeneratedBy rdf:resource="https://synbiohub.org/public/igem/igem2sbol"/>
    <dcterms:title>//chassis/prokaryote/bsubtilis</dcterms:title>
    <sbh:ownedBy rdf:resource="https://synbiohub.org/user/james"/>
    <sbh:ownedBy rdf:resource="https://synbiohub.org/user/myers"/>
    <sbh:topLevel rdf:resource="https://synbiohub.org/public/igem/chassis_prokaryote_bsubtilis"/>
    <sbol:member rdf:resource="https://synbiohub.org/public/igem/BBa_I742123"/>
    <sbol:member rdf:resource="https://synbiohub.org/public/igem/BBa_K823021"/>
    <sbol:member rdf:resource="https://synbiohub.org/public/igem/BBa_K1085010"/>
    <sbol:member rdf:resource="https://synbiohub.org/public/igem/BBa_K1351011"/>
    <sbol:member rdf:resource="https://synbiohub.org/public/igem/BBa_K302014"/>
    <sbol:member rdf:resource="https://synbiohub.org/public/igem/BBa_I746665"/>
    <sbol:member rdf:resource="https://synbiohub.org/public/igem/BBa_K143008"/>
    <sbol:member rdf:resource="https://synbiohub.org/public/igem/BBa_K1364021"/>
    <sbol:member rdf:resource="https://synbiohub.org/public/igem/BBa_K1085018"/>
    <sbol:member rdf:resource="https://synbiohub.org/public/igem/BBa_K143073"/>
    <sbol:member rdf:resource="https://synbiohub.org/public/igem/BBa_K090403"/>
    <sbol:member rdf:resource="https://synbiohub.org/public/igem/BBa_K541800"/>
    <sbol:member rdf:resource="https://synbiohub.org/public/igem/BBa_K1197000"/>
    <sbol:member rdf:resource="https://synbiohub.org/public/igem/BBa_K104004"/>
    <sbol:member rdf:resource="https://synbiohub.org/public/igem/BBa_K143011"/>
    <sbol:member rdf:resource="https://synbiohub.org/public/igem/BBa_K1364017"/>
    <sbol:member rdf:resource="https://synbiohub.org/public/igem/BBa_K143069"/>
    <sbol:member rdf:resource="https://synbiohub.org/public/igem/BBa_K143050"/>
    <sbol:member rdf:resource="https://synbiohub.org/public/igem/BBa_K541516"/>
    <sbol:member rdf:resource="https://synbiohub.org/public/igem/BBa_J179000"/>
    <sbol:member rdf:resource="https://synbiohub.org/public/igem/BBa_K1701002"/>
    <sbol:member rdf:resource="https://synbiohub.org/public/igem/BBa_K2057002"/>
    <sbol:member rdf:resource="https://synbiohub.org/public/igem/BBa_K1065204"/>
    <sbol:member rdf:resource="https://synbiohub.org/public/igem/BBa_K1351007"/>
    <sbol:member rdf:resource="https://synbiohub.org/public/igem/BBa_K1085006"/>
    <sbol:member rdf:resource="https://synbiohub.org/public/igem/BBa_K090505"/>
    <sbol:member rdf:resource="https://synbiohub.org/public/igem/BBa_K143034"/>
    <sbol:member rdf:resource="https://synbiohub.org/public/igem/BBa_K2057001"/>
    <sbol:member rdf:resource="https://synbiohub.org/public/igem/BBa_K780002"/>
    <sbol:member rdf:resource="https://synbiohub.org/public/igem/BBa_K780003"/>
    <sbol:member rdf:resource="https://synbiohub.org/public/igem/BBa_K143035"/>
    <sbol:member rdf:resource="https://synbiohub.org/public/igem/BBa_K1351008"/>
    <sbol:member rdf:resource="https://synbiohub.org/public/igem/BBa_K1362461"/>
    <sbol:member rdf:resource="https://synbiohub.org/public/igem/BBa_K1085007"/>
    <sbol:member rdf:resource="https://synbiohub.org/public/igem/BBa_K143061"/>
    <sbol:member rdf:resource="https://synbiohub.org/public/igem/BBa_K1351034"/>
    <sbol:member rdf:resource="https://synbiohub.org/public/igem/BBa_K1364010"/>
    <sbol:member rdf:resource="https://synbiohub.org/public/igem/BBa_K1085045"/>
    <sbol:member rdf:resource="https://synbiohub.org/public/igem/BBa_K256029"/>
    <sbol:member rdf:resource="https://synbiohub.org/public/igem/BBa_K1197008"/>
    <sbol:member rdf:resource="https://synbiohub.org/public/igem/BBa_K823022"/>
    <sbol:member rdf:resource="https://synbiohub.org/public/igem/BBa_K823020"/>
    <sbol:member rdf:resource="https://synbiohub.org/public/igem/BBa_J33206"/>
    <sbol:member rdf:resource="https://synbiohub.org/public/igem/BBa_K143074"/>
    <sbol:member rdf:resource="https://synbiohub.org/public/igem/BBa_K143072"/>
    <sbol:member rdf:resource="https://synbiohub.org/public/igem/BBa_I746666"/>
    <sbol:member rdf:resource="https://synbiohub.org/public/igem/BBa_K302013"/>
    <sbol:member rdf:resource="https://synbiohub.org/public/igem/BBa_K090402"/>
    <sbol:member rdf:resource="https://synbiohub.org/public/igem/BBa_K1085034"/>
    <sbol:member rdf:resource="https://synbiohub.org/public/igem/BBa_K143051"/>
    <sbol:member rdf:resource="https://synbiohub.org/public/igem/BBa_K143010"/>
    <sbol:member rdf:resource="https://synbiohub.org/public/igem/BBa_K1197001"/>
    <sbol:member rdf:resource="https://synbiohub.org/public/igem/BBa_K1364016"/>
    <sbol:member rdf:resource="https://synbiohub.org/public/igem/BBa_K1701003"/>
    <sbol:member rdf:resource="https://synbiohub.org/public/igem/BBa_K143012"/>
    <sbol:member rdf:resource="https://synbiohub.org/public/igem/BBa_K1701001"/>
    <sbol:member rdf:resource="https://synbiohub.org/public/igem/BBa_K174012"/>
    <sbol:member rdf:resource="https://synbiohub.org/public/igem/BBa_K1074013"/>
    <sbol:member rdf:resource="https://synbiohub.org/public/igem/BBa_K823019"/>
    <sbol:member rdf:resource="https://synbiohub.org/public/igem/BBa_K259006"/>
    <sbol:member rdf:resource="https://synbiohub.org/public/igem/BBa_K541505"/>
    <sbol:member rdf:resource="https://synbiohub.org/public/igem/BBa_K1085000"/>
    <sbol:member rdf:resource="https://synbiohub.org/public/igem/BBa_K541925"/>
    <sbol:member rdf:resource="https://synbiohub.org/public/igem/BBa_K1351001"/>
    <sbol:member rdf:resource="https://synbiohub.org/public/igem/BBa_K823032"/>
    <sbol:member rdf:resource="https://synbiohub.org/public/igem/BBa_K302003"/>
    <sbol:member rdf:resource="https://synbiohub.org/public/igem/BBa_K1351029"/>
    <sbol:member rdf:resource="https://synbiohub.org/public/igem/BBa_K302001"/>
    <sbol:member rdf:resource="https://synbiohub.org/public/igem/BBa_K143057"/>
    <sbol:member rdf:resource="https://synbiohub.org/public/igem/BBa_K1399005"/>
    <sbol:member rdf:resource="https://synbiohub.org/public/igem/BBa_K143006"/>
    <sbol:member rdf:resource="https://synbiohub.org/public/igem/BBa_K1399003"/>
    <sbol:member rdf:resource="https://synbiohub.org/public/igem/BBa_K1228009"/>
    <sbol:member rdf:resource="https://synbiohub.org/public/igem/BBa_K302015"/>
    <sbol:member rdf:resource="https://synbiohub.org/public/igem/BBa_K1351013"/>
    <sbol:member rdf:resource="https://synbiohub.org/public/igem/BBa_K143059"/>
    <sbol:member rdf:resource="https://synbiohub.org/public/igem/BBa_K134900"/>
    <sbol:member rdf:resource="https://synbiohub.org/public/igem/BBa_K823023"/>
    <sbol:member rdf:resource="https://synbiohub.org/public/igem/BBa_K1351017"/>
    <sbol:member rdf:resource="https://synbiohub.org/public/igem/BBa_K1701004"/>
    <sbol:member rdf:resource="https://synbiohub.org/public/igem/BBa_K1701000"/>
    <sbol:member rdf:resource="https://synbiohub.org/public/igem/BBa_K143052"/>
    <sbol:member rdf:resource="https://synbiohub.org/public/igem/BBa_K143067"/>
    <sbol:member rdf:resource="https://synbiohub.org/public/igem/BBa_K302008"/>
    <sbol:member rdf:resource="https://synbiohub.org/public/igem/BBa_J179002"/>
    <sbol:member rdf:resource="https://synbiohub.org/public/igem/BBa_K823054"/>
    <sbol:member rdf:resource="https://synbiohub.org/public/igem/BBa_K1351021"/>
    <sbol:member rdf:resource="https://synbiohub.org/public/igem/BBa_K1085005"/>
    <sbol:member rdf:resource="https://synbiohub.org/public/igem/BBa_K1085004"/>
    <sbol:member rdf:resource="https://synbiohub.org/public/igem/BBa_K143032"/>
    <sbol:member rdf:resource="https://synbiohub.org/public/igem/BBa_K780000"/>
    <sbol:member rdf:resource="https://synbiohub.org/public/igem/BBa_K1085009"/>
    <sbol:member rdf:resource="https://synbiohub.org/public/igem/BBa_K1364015"/>
    <sbol:member rdf:resource="https://synbiohub.org/public/igem/BBa_K143063"/>
    <sbol:member rdf:resource="https://synbiohub.org/public/igem/BBa_K1085008"/>
    <sbol:member rdf:resource="https://synbiohub.org/public/igem/BBa_K1122000"/>
    <sbol:member rdf:resource="https://synbiohub.org/public/igem/BBa_K143036"/>
    <sbol:member rdf:resource="https://synbiohub.org/public/igem/BBa_K174002"/>
    <sbol:member rdf:resource="https://synbiohub.org/public/igem/BBa_K541525"/>
    <sbol:member rdf:resource="https://synbiohub.org/public/igem/BBa_K1364011"/>
    <sbol:member rdf:resource="https://synbiohub.org/public/igem/BBa_K1185004"/>
    <sbol:member rdf:resource="https://synbiohub.org/public/igem/BBa_K780004"/>
    <sbol:member rdf:resource="https://synbiohub.org/public/igem/BBa_K1122069"/>
    <sbol:member rdf:resource="https://synbiohub.org/public/igem/BBa_K818000"/>
    <sbol:member rdf:resource="https://synbiohub.org/public/igem/BBa_K090503"/>
    <sbol:member rdf:resource="https://synbiohub.org/public/igem/BBa_K143021"/>
    <sbol:member rdf:resource="https://synbiohub.org/public/igem/BBa_K823027"/>
    <sbol:member rdf:resource="https://synbiohub.org/public/igem/BBa_K1074006"/>
    <sbol:member rdf:resource="https://synbiohub.org/public/igem/BBa_K1351010"/>
    <sbol:member rdf:resource="https://synbiohub.org/public/igem/BBa_K1351018"/>
    <sbol:member rdf:resource="https://synbiohub.org/public/igem/BBa_K1930005"/>
    <sbol:member rdf:resource="https://synbiohub.org/public/igem/BBa_K143009"/>
    <sbol:member rdf:resource="https://synbiohub.org/public/igem/BBa_K1185000"/>
    <sbol:member rdf:resource="https://synbiohub.org/public/igem/BBa_K1399008"/>
    <sbol:member rdf:resource="https://synbiohub.org/public/igem/BBa_K1351024"/>
    <sbol:member rdf:resource="https://synbiohub.org/public/igem/BBa_K143066"/>
    <sbol:member rdf:resource="https://synbiohub.org/public/igem/BBa_K104005"/>
    <sbol:member rdf:resource="https://synbiohub.org/public/igem/BBa_K1085001"/>
    <sbol:member rdf:resource="https://synbiohub.org/public/igem/BBa_J179001"/>
    <sbol:member rdf:resource="https://synbiohub.org/public/igem/BBa_K294055"/>
    <sbol:member rdf:resource="https://synbiohub.org/public/igem/BBa_K823033"/>
    <sbol:member rdf:resource="https://synbiohub.org/public/igem/BBa_K1351000"/>
    <sbol:member rdf:resource="https://synbiohub.org/public/igem/BBa_K302000"/>
    <sbol:member rdf:resource="https://synbiohub.org/public/igem/BBa_K1085029"/>
    <sbol:member rdf:resource="https://synbiohub.org/public/igem/BBa_K143001"/>
    <sbol:member rdf:resource="https://synbiohub.org/public/igem/BBa_K1351028"/>
    <sbol:member rdf:resource="https://synbiohub.org/public/igem/BBa_K1197010"/>
    <sbol:member rdf:resource="https://synbiohub.org/public/igem/BBa_K1364005"/>
    <sbol:member rdf:resource="https://synbiohub.org/public/igem/BBa_K104001"/>
    <sbol:member rdf:resource="https://synbiohub.org/public/igem/BBa_K541026"/>
    <sbol:member rdf:resource="https://synbiohub.org/public/igem/BBa_K1399004"/>
    <sbol:member rdf:resource="https://synbiohub.org/public/igem/BBa_K143056"/>
    <sbol:member rdf:resource="https://synbiohub.org/public/igem/BBa_K1452000"/>
    <sbol:member rdf:resource="https://synbiohub.org/public/igem/BBa_K1399000"/>
    <sbol:member rdf:resource="https://synbiohub.org/public/igem/BBa_K1937006"/>
    <sbol:member rdf:resource="https://synbiohub.org/public/igem/BBa_K802006"/>
    <sbol:member rdf:resource="https://synbiohub.org/public/igem/BBa_K143005"/>
    <sbol:member rdf:resource="https://synbiohub.org/public/igem/BBa_K1364009"/>
    <sbol:member rdf:resource="https://synbiohub.org/public/igem/BBa_K823025"/>
    <sbol:member rdf:resource="https://synbiohub.org/public/igem/BBa_K1085014"/>
    <sbol:member rdf:resource="https://synbiohub.org/public/igem/BBa_K1228006"/>
    <sbol:member rdf:resource="https://synbiohub.org/public/igem/BBa_K302010"/>
    <sbol:member rdf:resource="https://synbiohub.org/public/igem/BBa_K1701006"/>
    <sbol:member rdf:resource="https://synbiohub.org/public/igem/BBa_K1399007"/>
    <sbol:member rdf:resource="https://synbiohub.org/public/igem/BBa_K1364002"/>
    <sbol:member rdf:resource="https://synbiohub.org/public/igem/BBa_K1351038"/>
    <sbol:member rdf:resource="https://synbiohub.org/public/igem/BBa_K1122666"/>
    <sbol:member rdf:resource="https://synbiohub.org/public/igem/BBa_K1930004"/>
    <sbol:member rdf:resource="https://synbiohub.org/public/igem/BBa_K823002"/>
    <sbol:member rdf:resource="https://synbiohub.org/public/igem/BBa_K302006"/>
    <sbol:member rdf:resource="https://synbiohub.org/public/igem/BBa_K143015"/>
    <sbol:member rdf:resource="https://synbiohub.org/public/igem/BBa_K911009"/>
    <sbol:member rdf:resource="https://synbiohub.org/public/igem/BBa_K1085002"/>
    <sbol:member rdf:resource="https://synbiohub.org/public/igem/BBa_K1351003"/>
    <sbol:member rdf:resource="https://synbiohub.org/public/igem/BBa_K1351004"/>
    <sbol:member rdf:resource="https://synbiohub.org/public/igem/BBa_K541003"/>
    <sbol:member rdf:resource="https://synbiohub.org/public/igem/BBa_K104009"/>
    <sbol:member rdf:resource="https://synbiohub.org/public/igem/BBa_K1228010"/>
    <sbol:member rdf:resource="https://synbiohub.org/public/igem/BBa_K143038"/>
    <sbol:member rdf:resource="https://synbiohub.org/public/igem/BBa_K1364013"/>
    <sbol:member rdf:resource="https://synbiohub.org/public/igem/BBa_K1197003"/>
    <sbol:member rdf:resource="https://synbiohub.org/public/igem/BBa_K1197004"/>
    <sbol:member rdf:resource="https://synbiohub.org/public/igem/BBa_K1185002"/>
    <sbol:member rdf:resource="https://synbiohub.org/public/igem/BBa_K143039"/>
    <sbol:member rdf:resource="https://synbiohub.org/public/igem/BBa_K1351031"/>
    <sbol:member rdf:resource="https://synbiohub.org/public/igem/BBa_K302033"/>
    <sbol:member rdf:resource="https://synbiohub.org/public/igem/BBa_K143076"/>
    <sbol:member rdf:resource="https://synbiohub.org/public/igem/BBa_K143077"/>
    <sbol:member rdf:resource="https://synbiohub.org/public/igem/BBa_K174004"/>
    <sbol:member rdf:resource="https://synbiohub.org/public/igem/BBa_K1351030"/>
    <sbol:member rdf:resource="https://synbiohub.org/public/igem/BBa_K823024"/>
    <sbol:member rdf:resource="https://synbiohub.org/public/igem/BBa_K143070"/>
    <sbol:member rdf:resource="https://synbiohub.org/public/igem/BBa_K823003"/>
    <sbol:member rdf:resource="https://synbiohub.org/public/igem/BBa_K1701005"/>
    <sbol:member rdf:resource="https://synbiohub.org/public/igem/BBa_K802009"/>
    <sbol:member rdf:resource="https://synbiohub.org/public/igem/BBa_K302011"/>
    <sbol:member rdf:resource="https://synbiohub.org/public/igem/BBa_K143053"/>
    <sbol:member rdf:resource="https://synbiohub.org/public/igem/BBa_K823001"/>
    <sbol:member rdf:resource="https://synbiohub.org/public/igem/BBa_K1351037"/>
    <sbol:member rdf:resource="https://synbiohub.org/public/igem/BBa_K302005"/>
    <sbol:member rdf:resource="https://synbiohub.org/public/igem/BBa_K143014"/>
    <sbol:member rdf:resource="https://synbiohub.org/public/igem/BBa_K1351039"/>
    <sbol:member rdf:resource="https://synbiohub.org/public/igem/BBa_K302007"/>
    <sbol:member rdf:resource="https://synbiohub.org/public/igem/BBa_K143082"/>
    <sbol:member rdf:resource="https://synbiohub.org/public/igem/BBa_K541501"/>
    <sbol:member rdf:resource="https://synbiohub.org/public/igem/BBa_K1351025"/>
    <sbol:member rdf:resource="https://synbiohub.org/public/igem/BBa_K104002"/>
    <sbol:member rdf:resource="https://synbiohub.org/public/igem/BBa_K541025"/>
    <sbol:member rdf:resource="https://synbiohub.org/public/igem/BBa_K143080"/>
    <sbol:member rdf:resource="https://synbiohub.org/public/igem/BBa_K1351027"/>
    <sbol:member rdf:resource="https://synbiohub.org/public/igem/BBa_K1937001"/>
    <sbol:member rdf:resource="https://synbiohub.org/public/igem/BBa_K143055"/>
    <sbol:member rdf:resource="https://synbiohub.org/public/igem/BBa_K541027"/>
    <sbol:member rdf:resource="https://synbiohub.org/public/igem/BBa_K802007"/>
    <sbol:member rdf:resource="https://synbiohub.org/public/igem/BBa_K143002"/>
    <sbol:member rdf:resource="https://synbiohub.org/public/igem/BBa_K1452001"/>
    <sbol:member rdf:resource="https://synbiohub.org/public/igem/BBa_K1399001"/>
    <sbol:member rdf:resource="https://synbiohub.org/public/igem/BBa_K1937003"/>
    <sbol:member rdf:resource="https://synbiohub.org/public/igem/BBa_K1228007"/>
    <sbol:member rdf:resource="https://synbiohub.org/public/igem/BBa_K1364008"/>
    <sbol:member rdf:resource="https://synbiohub.org/public/igem/BBa_K823009"/>
    <sbol:member rdf:resource="https://synbiohub.org/public/igem/BBa_K863121"/>
    <sbol:member rdf:resource="https://synbiohub.org/public/igem/BBa_K1085012"/>
    <sbol:member rdf:resource="https://synbiohub.org/public/igem/BBa_K143075"/>
    <sbol:member rdf:resource="https://synbiohub.org/public/igem/BBa_K541915"/>
    <sbol:member rdf:resource="https://synbiohub.org/public/igem/BBa_K143079"/>
    <sbol:member rdf:resource="https://synbiohub.org/public/igem/BBa_K302012"/>
    <sbol:member rdf:resource="https://synbiohub.org/public/igem/BBa_K143071"/>
    <sbol:member rdf:resource="https://synbiohub.org/public/igem/BBa_K1185001"/>
    <sbol:member rdf:resource="https://synbiohub.org/public/igem/BBa_K1085016"/>
    <sbol:member rdf:resource="https://synbiohub.org/public/igem/BBa_K1930006"/>
    <sbol:member rdf:resource="https://synbiohub.org/public/igem/BBa_K1364004"/>
    <sbol:member rdf:resource="https://synbiohub.org/public/igem/BBa_K1197002"/>
    <sbol:member rdf:resource="https://synbiohub.org/public/igem/BBa_K823039"/>
    <sbol:member rdf:resource="https://synbiohub.org/public/igem/BBa_K823000"/>
    <sbol:member rdf:resource="https://synbiohub.org/public/igem/BBa_K1930002"/>
    <sbol:member rdf:resource="https://synbiohub.org/public/igem/BBa_K606003"/>
    <sbol:member rdf:resource="https://synbiohub.org/public/igem/BBa_K143013"/>
    <sbol:member rdf:resource="https://synbiohub.org/public/igem/BBa_K104006"/>
    <sbol:member rdf:resource="https://synbiohub.org/public/igem/BBa_K1364000"/>
    <sbol:member rdf:resource="https://synbiohub.org/public/igem/BBa_K1351005"/>
    <sbol:member rdf:resource="https://synbiohub.org/public/igem/BBa_K1351006"/>
    <sbol:member rdf:resource="https://synbiohub.org/public/igem/BBa_K090506"/>
    <sbol:member rdf:resource="https://synbiohub.org/public/igem/BBa_K143037"/>
    <sbol:member rdf:resource="https://synbiohub.org/public/igem/BBa_K780001"/>
    <sbol:member rdf:resource="https://synbiohub.org/public/igem/BBa_K143060"/>
    <sbol:member rdf:resource="https://synbiohub.org/public/igem/BBa_K1351032"/>
    <sbol:member rdf:resource="https://synbiohub.org/public/igem/BBa_K1351033"/>
    <sbol:member rdf:resource="https://synbiohub.org/public/igem/BBa_K174001"/>
    <sbol:member rdf:resource="https://synbiohub.org/public/igem/BBa_K1197005"/>
    <sbol:member rdf:resource="https://synbiohub.org/public/igem/BBa_E1010"/>
    <sbol:member rdf:resource="https://synbiohub.org/public/igem/BBa_K090502"/>
    <sbol:member rdf:resource="https://synbiohub.org/public/igem/BBa_K1197009"/>
    <sbol:member rdf:resource="https://synbiohub.org/public/igem/BBa_K541526"/>
    <sbol:member rdf:resource="https://synbiohub.org/public/igem/BBa_K143078"/>
    <sbol:member rdf:resource="https://synbiohub.org/public/igem/BBa_K143020"/>
    <sbol:member rdf:resource="https://synbiohub.org/public/igem/BBa_K1937010"/>
    <sbol:member rdf:resource="https://synbiohub.org/public/igem/BBa_K1930007"/>
    <sbol:member rdf:resource="https://synbiohub.org/public/igem/BBa_K143099"/>
    <sbol:member rdf:resource="https://synbiohub.org/public/igem/BBa_K1364003"/>
    <sbol:member rdf:resource="https://synbiohub.org/public/igem/BBa_E0040"/>
    <sbol:member rdf:resource="https://synbiohub.org/public/igem/BBa_K1930003"/>
    <sbol:member rdf:resource="https://synbiohub.org/public/igem/BBa_K1085003"/>
    <sbol:member rdf:resource="https://synbiohub.org/public/igem/BBa_K104007"/>
    <sbol:member rdf:resource="https://synbiohub.org/public/igem/BBa_K143068"/>
    <sbol:member rdf:resource="https://synbiohub.org/public/igem/BBa_K541502"/>
    <sbol:member rdf:resource="https://synbiohub.org/public/igem/BBa_K1351002"/>
    <sbol:member rdf:resource="https://synbiohub.org/public/igem/BBa_K541506"/>
    <sbol:member rdf:resource="https://synbiohub.org/public/igem/BBa_K1085050"/>
    <sbol:member rdf:resource="https://synbiohub.org/public/igem/BBa_K104003"/>
    <sbol:member rdf:resource="https://synbiohub.org/public/igem/BBa_K143081"/>
    <sbol:member rdf:resource="https://synbiohub.org/public/igem/BBa_K823049"/>
    <sbol:member rdf:resource="https://synbiohub.org/public/igem/BBa_K1351026"/>
    <sbol:member rdf:resource="https://synbiohub.org/public/igem/BBa_K541024"/>
    <sbol:member rdf:resource="https://synbiohub.org/public/igem/BBa_K823031"/>
    <sbol:member rdf:resource="https://synbiohub.org/public/igem/BBa_K143054"/>
    <sbol:member rdf:resource="https://synbiohub.org/public/igem/BBa_K302002"/>
    <sbol:member rdf:resource="https://synbiohub.org/public/igem/BBa_K1399006"/>
    <sbol:member rdf:resource="https://synbiohub.org/public/igem/BBa_K802008"/>
    <sbol:member rdf:resource="https://synbiohub.org/public/igem/BBa_K1364007"/>
    <sbol:member rdf:resource="https://synbiohub.org/public/igem/BBa_K1937004"/>
    <sbol:member rdf:resource="https://synbiohub.org/public/igem/BBa_K143058"/>
    <sbol:member rdf:resource="https://synbiohub.org/public/igem/BBa_K1351012"/>
    <sbol:member rdf:resource="https://synbiohub.org/public/igem/BBa_K1399002"/>
    <sbol:member rdf:resource="https://synbiohub.org/public/igem/BBa_K1228008"/>
    <sbol:member rdf:resource="https://synbiohub.org/public/igem/BBa_K302016"/>
  </sbol:Collection>
</rdf:RDF>